Country,Year,Reserve
Afghanistan,2022,72.75246
Åland Islands,2022,0
Albania,2022,575.40582
Algeria,2022,245.81513
American Samoa,2022,0
Andorra,2022,0
Angola,2022,0
Anguilla,2022,0
Antarctica,2022,0
Antigua & Barbuda,2022,0
Argentina,2022,881.848
Armenia,2022,349.43227
Aruba,2022,0
Australia,2022,165596.7244
Austria,2022,0
Azerbaijan,2022,0
Bahamas,2022,0
Bahrain,2022,0
Bangladesh,2022,3593.5306
Barbados,2022,0
Belarus,2022,0
Belgium,2022,4519.471
Belize,2022,0
Benin,2022,0
Bermuda,2022,0
Bhutan,2022,0
Bolivia,2022,1.10231
Bosnia & Herzegovina,2022,0
Botswana,2022,1829.8346
Bouvet Island,2022,0
Brazil,2022,7270.83676
British Indian Ocean Territory,2022,0
British Virgin Islands,2022,0
Brunei,2022,0
Bulgaria,2022,2608.06546
Burkina Faso,2022,0
Burundi,2022,0
Cambodia,2022,0
Cameroon,2022,0
Canada,2022,7255.40442
Cape Verde,2022,0
Caribbean Netherlands,2022,0
Cayman Islands,2022,0
Central African Republic,2022,3.30693
Chad,2022,0
Chile,2022,1301.82811
China,2022,157847.4851
Christmas Island,2022,0
Cocos (Keeling) Islands,2022,0
Colombia,2022,5019.91974
Comoros,2022,0
Congo,2022,0
Cook Islands,2022,0
Costa Rica,2022,0
Côte d’Ivoire,2022,0
Croatia,2022,0
Cuba,2022,0
Curaçao,2022,0
Cyprus,2022,0
Czechia,2022,3962.80445
Denmark,2022,0
Djibouti,2022,0
Dominica,2022,0
Dominican Republic,2022,0
Ecuador,2022,26.45544
Egypt,2022,200.62042
El Salvador,2022,0
Equatorial Guinea,2022,0
Eritrea,2022,0
Estonia,2022,0
Eswatini,2022,5119.12764
Ethiopia,2022,0
Falkland Islands,2022,0
Faroe Islands,2022,0
Fiji,2022,0
Finland,2022,0
France,2022,176.3696
French Guiana,2022,0
French Polynesia,2022,0
French Southern Territories,2022,0
Gabon,2022,0
Gambia,2022,0
Georgia,2022,993.18131
Germany,2022,39572.929
Ghana,2022,0
Gibraltar,2022,0
Greece,2022,3170.24356
Greenland,2022,422.18473
Grenada,2022,0
Guadeloupe,2022,0
Guam,2022,0
Guatemala,2022,0
Guernsey,2022,0
Guinea,2022,0
Guinea-Bissau,2022,0
Guyana,2022,0
Haiti,2022,0
Heard & McDonald Islands,2022,0
Honduras,2022,0
Hong Kong SAR China,2022,0
Hungary,2022,3206.61979
Iceland,2022,0
India,2022,122413.7301
Indonesia,2022,38436.44739
Iran,2022,1326.07893
Iraq,2022,0
Ireland,2022,44.0924
Isle of Man,2022,0
Israel,2022,0
Italy,2022,672.4091
Jamaica,2022,0
Japan,2022,385.8085
Jersey,2022,0
Jordan,2022,0
Kazakhstan,2022,28224.64755
Kenya,2022,0
Kiribati,2022,0
Kuwait,2022,0
Kyrgyzstan,2022,31414.73269
Laos,2022,68.34322
Latvia,2022,0
Lebanon,2022,0
Lesotho,2022,0
Liberia,2022,0
Libya,2022,0
Liechtenstein,2022,0
Lithuania,2022,0
Luxembourg,2022,0
Macao SAR China,2022,0
Madagascar,2022,165.3465
Malawi,2022,884.05262
Malaysia,2022,249.12206
Maldives,2022,0
Mali,2022,0
Malta,2022,0
Marshall Islands,2022,0
Martinique,2022,0
Mauritania,2022,0
Mauritius,2022,0
Mayotte,2022,0
Mexico,2022,1334.89741
Micronesia,2022,0
Moldova,2022,0
Monaco,2022,0
Mongolia,2022,2777.8212
Montenegro,2022,371.47847
Montserrat,2022,0
Morocco,2022,105.82176
Mozambique,2022,1975.33952
Myanmar (Burma),2022,0
Namibia,2022,385.8085
Nauru,2022,0
Nepal,2022,8.81848
Netherlands,2022,3579.20057
New Caledonia,2022,2.20462
New Zealand,2022,8349.99825
Nicaragua,2022,0
Niger,2022,99.2079
Nigeria,2022,2363.35264
Niue,2022,0
Norfolk Island,2022,0
North Korea,2022,11684.486
North Macedonia,2022,365.96692
Northern Mariana Islands,2022,0
Norway,2022,2.20462
Oman,2022,0
Pakistan,2022,3377.47784
Palau,2022,0
Palestinian Territories,2022,0
Panama,2022,0
Papua New Guinea,2022,0
Paraguay,2022,0
Peru,2022,1727.31977
Philippines,2022,397.93391
Pitcairn Islands,2022,0
Poland,2022,31450.18298
Portugal,2022,3.30693
Puerto Rico,2022,0
Qatar,2022,0
Réunion,2022,0
Romania,2022,320.77221
Russia,2022,178757.2035
Rwanda,2022,0
Samoa,2022,0
San Marino,2022,0
São Tomé & Príncipe,2022,0
Saudi Arabia,2022,0
Senegal,2022,0
Serbia,2022,8282.75734
Seychelles,2022,0
Sierra Leone,2022,0
Singapore,2022,0
Sint Maarten,2022,0
Slovakia,2022,20.94389
Slovenia,2022,104.71945
Solomon Islands,2022,0
Somalia,2022,0
South Africa,2022,10905.15283
South Georgia & South Sandwich Islands,2022,0
South Korea,2022,359.35306
South Sudan,2022,0
Spain,2022,1308.44197
Sri Lanka,2022,0
St. Barthélemy,2022,0
St. Helena,2022,0
St. Kitts & Nevis,2022,0
St. Lucia,2022,0
St. Martin,2022,0
St. Pierre & Miquelon,2022,0
St. Vincent & Grenadines,2022,0
Sudan,2022,0
Suriname,2022,0
Svalbard & Jan Mayen,2022,0
Sweden,2022,5.51155
Switzerland,2022,0
Syria,2022,0
Taiwan,2022,1.10231
Tajikistan,2022,4491.91325
Tanzania,2022,1554.2571
Thailand,2022,1171.75553
Timor-Leste,2022,0
Togo,2022,0
Tokelau,2022,0
Tonga,2022,0
Trinidad & Tobago,2022,0
Tunisia,2022,0
Turkey,2022,0
Turkmenistan,2022,881.848
Turks & Caicos Islands,2022,0
Tuvalu,2022,0
U.S. Outlying Islands,2022,0
U.S. Virgin Islands,2022,0
Uganda,2022,881.848
Ukraine,2022,37891.90625
United Arab Emirates,2022,0
United Kingdom,2022,28.66006
United States,2022,274410.1537
Uruguay,2022,0
Uzbekistan,2022,1515.67625
Vanuatu,2022,0
Vatican City,2022,0
Venezuela,2022,805.78861
Vietnam,2022,3703.7616
Wallis & Futuna,2022,0
Western Sahara,2022,0
Yemen,2022,0
Zambia,2022,1041.68295
Zimbabwe,2022,553.35962
